FID,nombre,observ,comp,comuna,tipo,localid,id,com_ine02,carabinero
1,Tenencia Isla de Maipo, ,PREFECTURA SANTIAGO OCCIDENTE,ISLA DE MAIPO,CARABINEROS,ISLA DE MAIPO,1, ,TENENCIA
2,Tenencia El Monte, ,PREFECTURA SANTIAGO OCCIDENTE,EL MONTE,CARABINEROS,EL MONTE,2, ,TENENCIA
3,23a Comisaria de Talagante, ,PREFECTURA SANTIAGO OCCIDENTE,TALAGANTE,CARABINEROS,TALAGANTE,3, ,COMISARIA
4,24a Comisaria de Melipilla, ,PREFECTURA SANTIAGO OCCIDENTE,MELIPILLA,CARABINEROS,POMAIRE,4, ,COMISARIA
5,Subcomisaria Calera de Tango, ,PREFECTURA SANTIAGO SUR,CALERA DE TANGO,CARABINEROS,BAJOS DE SAN AGUSTIN,5, ,SUBCOMISARIA
6,Subcomisaria Malloco, ,PREFECTURA SANTIAGO OCCIDENTE,PENAFLOR,CARABINEROS,PENAFLOR,6, ,SUBCOMISARIA
7,Subcomisaria PeÃ±aflor, ,PREFECTURA SANTIAGO OCCIDENTE,PENAFLOR,CARABINEROS,PENAFLOR,7, ,SUBCOMISARIA
8,Tenencia Carreteras Padre Hurtado, ,PREFECTURA SANTIAGO OCCIDENTE,PADRE HURTADO,CARABINEROS,PADRE HURTADO,8, ,TENENCIA
9,2a. Comisaria Santiago., ,PREFECTURA SANTIAGO CENTRAL,SANTIAGO,CARABINEROS,SANTIAGO,9, ,COMISARIA
10,4a. Comisaria Santiago., ,PREFECTURA SANTIAGO CENTRAL,SANTIAGO,CARABINEROS,SANTIAGO,10, ,COMISARIA
11,Subcomisaria Motorizada, ,PREFECTURA SANTIAGO CENTRAL,SAN MIGUEL,CARABINEROS,SANTIAGO,11, ,SUBCOMISARIA
12,5a. Comisaria Conchali., ,PREFECTURA SANTIAGO NORTE,INDEPENDENCIA,CARABINEROS,SANTIAGO,12, ,COMISARIA
13,Subcomisaria Eneas Gonel, ,PREFECTURA SANTIAGO NORTE,CONCHALI,CARABINEROS,SANTIAGO,13, ,SUBCOMISARIA
14,Subcomisaria Conchali Norte, ,PREFECTURA SANTIAGO NORTE,CONCHALI,CARABINEROS,SANTIAGO,14, ,SUBCOMISARIA
15,6a. Comisaria Recoleta. ., ,PREFECTURA SANTIAGO NORTE,RECOLETA,CARABINEROS,SANTIAGO,15, ,COMISARIA
16,Subcomisaria La Pincoya, ,PREFECTURA SANTIAGO NORTE,HUECHURABA,CARABINEROS,SANTIAGO,16, ,SUBCOMISARIA
17,Tenencia Jose Santos Ossa, ,PREFECTURA SANTIAGO NORTE,RECOLETA,CARABINEROS,SANTIAGO,17, ,TENENCIA
18,Tenencia El Salto, ,PREFECTURA SANTIAGO NORTE,RECOLETA,CARABINEROS,SANTIAGO,18, ,TENENCIA
19,7a. Comisaria Renca., ,PREFECTURA SANTIAGO NORTE,QUILICURA,CARABINEROS,SANTIAGO,19, ,COMISARIA
20,9a. Comisaria Independencia, ,PREFECTURA SANTIAGO NORTE,RECOLETA,CARABINEROS,SANTIAGO,20, ,COMISARIA
21,Tenencia Juan Antonio Rios, ,PREFECTURA SANTIAGO NORTE,INDEPENDENCIA,CARABINEROS,SANTIAGO,21, ,TENENCIA
22,Subcomisaria Villamoderna, ,PREFECTURA SANTIAGO NORTE,INDEPENDENCIA,CARABINEROS,SANTIAGO,22, ,SUBCOMISARIA
23,30a. Comisaria Radio Patrulla., ,PREFECTURA SANTIAGO NORTE,INDEPENDENCIA,CARABINEROS,SANTIAGO,23, ,COMISARIA
24,21a. Comisaria Estacion Central, ,PREFECTURA SANTIAGO OCCIDENTE,ESTACION CENTRAL,CARABINEROS,SANTIAGO,24, ,COMISARIA
25,28a. Comisaria de Fuerzas Especiale, ,PREFECTURA CARABINEROS FUERZAS ESPECIALES,SANTIAGO,CARABINEROS,SANTIAGO,25, ,COMISARIA
26,29a. Comisaria de Fuerzas Especiale, ,PREFECTURA CARABINEROS FUERZAS ESPECIALES,SANTIAGO,CARABINEROS,SANTIAGO,26, ,COMISARIA
27,51a. Comisaria Montada de Fuerzas E, ,PREFECTURA CARABINEROS FUERZAS ESPECIALES,ESTACION CENTRAL,CARABINEROS,SANTIAGO,27, ,COMISARIA
28,34a. Comisaria de Menores (masculin, ,PREFECTURA DE CARABINEROS MENORES,SANTIAGO,CARABINEROS,SANTIAGO,28, ,COMISARIA
29,35a. Comisaria de Menores (femenina, ,PREFECTURA DE CARABINEROS MENORES,LA CISTERNA,CARABINEROS,SANTIAGO,29, ,COMISARIA
30,38a. Comisaria de Mujeres, ,PREFECTURA DE CARABINEROS MENORES,SANTIAGO,CARABINEROS,SANTIAGO,30, ,COMISARIA
31,48a. Comisaria Asuntos de la Famili, ,PREFECTURA DE CARABINEROS MENORES,SANTIAGO,CARABINEROS,SANTIAGO,31, ,COMISARIA
32,10a. Comisaria La Cisterna., ,PREFECTURA SANTIAGO SUR,LA CISTERNA,CARABINEROS,SANTIAGO,32, ,COMISARIA
33,Tenencia Nueva Espana, ,PREFECTURA SANTIAGO SUR,LA CISTERNA,CARABINEROS,SANTIAGO,33, ,TENENCIA
34,Tenencia Lo Sierra, ,PREFECTURA SANTIAGO SUR,SAN BERNARDO,CARABINEROS,SANTIAGO,34, ,TENENCIA
35,Tenencia Santa Adriana, ,PREFECTURA SANTIAGO SUR,LO ESPEJO,CARABINEROS,SANTIAGO,35, ,TENENCIA
36,Tenencia Pedro Aguirre Cerda, ,PREFECTURA SANTIAGO SUR,PAC,CARABINEROS,SANTIAGO,36, ,TENENCIA
37,Tenencia Carlos Valdovinos, ,PREFECTURA SANTIAGO SUR,PAC,CARABINEROS,SANTIAGO,37, ,TENENCIA
38,12a. Comisaria San Miguel, ,PREFECTURA SANTIAGO SUR,SAN MIGUEL,CARABINEROS,SANTIAGO,38, ,COMISARIA
39,15a. Comisaria Buin, ,PREFECTURA SANTIAGO SUR,BUIN,CARABINEROS,BUIN,39, ,COMISARIA
40,Subcomisaria Paine, ,PREFECTURA SANTIAGO SUR,PAINE,CARABINEROS,PAINE,40, ,SUBCOMISARIA
41,17a. Comisaria Las Condes, ,PREFECTURA SANTIAGO ORIENTE,LAS CONDES,CARABINEROS,SANTIAGO,41, ,COMISARIA
42,33a. Comisaria Libertadores, ,PREFECTURA SANTIAGO ORIENTE,NUNOA,CARABINEROS,SANTIAGO,42, ,COMISARIA
43,53a. Comisaria Lo Barnechea, ,PREFECTURA SANTIAGO ORIENTE,LO BARNECHEA,CARABINEROS,SANTIAGO,43, ,COMISARIA
44,14a. Comisaria San Bernardo, ,PREFECTURA SANTIAGO SUR,SAN BERNARDO,CARABINEROS,SANTIAGO,44, ,COMISARIA
45,20a. Comisaria Puente Alto, ,PREFECTURA CORDILLERA,PUENTE ALTO,CARABINEROS,SANTIAGO,45, ,COMISARIA
46,1a. Comisaria Santiago., ,PREFECTURA SANTIAGO CENTRAL,SANTIAGO,CARABINEROS,SANTIAGO,46, ,COMISARIA
47,32a. Comisaria Transito, ,PREFECTURA SANTIAGO CENTRAL,SANTIAGO,CARABINEROS,SANTIAGO,47, ,COMISARIA
48,Subcomisaria El Bosque, ,PREFECTURA SANTIAGO SUR,EL BOSQUE,CARABINEROS,SANTIAGO,48, ,SUBCOMISARIA
49,11a.Comisaria Jose Maria Caro., ,PREFECTURA SANTIAGO SUR,LO ESPEJO,CARABINEROS,SANTIAGO,49, ,COMISARIA
50,40a. Comisaria de Fuerzas Especiale, ,PREFECTURA CARABINEROS FUERZAS ESPECIALES,RECOLETA,CARABINEROS,SANTIAGO,50, ,COMISARIA
51,Subcomisaria San Bernardo Centro, ,PREFECTURA SANTIAGO SUR,SAN BERNARDO,CARABINEROS,SANTIAGO,51, ,SUBCOMISARIA
52,Tenencia La Victoria, ,PREFECTURA SANTIAGO SUR,PAC,CARABINEROS,SANTIAGO,52, ,TENENCIA
53,42a. Comisaria R.P. y Transito, ,PREFECTURA SANTIAGO SUR,PAC,CARABINEROS,SANTIAGO,53, ,COMISARIA
54,49Â¦. Comisaria Quilicura, ,PREFECTURA SANTIAGO NORTE,QUILICURA,CARABINEROS,SANTIAGO,54, ,COMISARIA
55,22a. Comisaria Quinta Normal, ,PREFECTURA SANTIAGO OCCIDENTE,QUINTA NORMAL,CARABINEROS,SANTIAGO,55, ,COMISARIA
56,25a. Comisaria Maipu, ,PREFECTURA SANTIAGO OCCIDENTE,MAIPU,CARABINEROS,SANTIAGO,56, ,COMISARIA
57,26a. Comisaria Pudahuel, ,PREFECTURA SANTIAGO OCCIDENTE,PUDAHUEL,CARABINEROS,SANTIAGO,57, ,COMISARIA
58,44a. Comisaria Lo Prado, ,PREFECTURA SANTIAGO OCCIDENTE,LO PRADO,CARABINEROS,SANTIAGO,58, ,COMISARIA
59,45a. Comisaria Cerro Navia, ,PREFECTURA SANTIAGO OCCIDENTE,CERRO NAVIA,CARABINEROS,SANTIAGO,59, ,COMISARIA
60,52a. Comisaria Rinconada de Maipu, ,PREFECTURA SANTIAGO OCCIDENTE,MAIPU,CARABINEROS,SANTIAGO,60, ,COMISARIA
61,31a. Comisaria San Ramon, ,PREFECTURA SANTIAGO SUR,SAN RAMON,CARABINEROS,SANTIAGO,61, ,COMISARIA
62,16a. Comisaria La Reina, ,PREFECTURA SANTIAGO ORIENTE,LA REINA,CARABINEROS,SANTIAGO,62, ,COMISARIA
63,18a. Comisaria Nunoa, ,PREFECTURA SANTIAGO ORIENTE,NUNOA,CARABINEROS,SANTIAGO,63, ,COMISARIA
64,19a. Comisaria Providencia, ,PREFECTURA SANTIAGO ORIENTE,PROVIDENCIA,CARABINEROS,SANTIAGO,64, ,COMISARIA
65,37a. Comisaria Vitacura, ,PREFECTURA SANTIAGO ORIENTE,VITACURA,CARABINEROS,SANTIAGO,65, ,COMISARIA
66,47a. Comisaria Los Dominicos, ,PREFECTURA SANTIAGO ORIENTE,LAS CONDES,CARABINEROS,SANTIAGO,66, ,COMISARIA
67,41a. Comisaria La Pintana, ,PREFECTURA CORDILLERA,LA PINTANA,CARABINEROS,SANTIAGO,67, ,COMISARIA
68,43a. Comisaria Penalolen, ,PREFECTURA CORDILLERA,PENALOLEN,CARABINEROS,SANTIAGO,68, ,COMISARIA
69,46a. Comisaria Macul, ,PREFECTURA CORDILLERA,MACUL,CARABINEROS,SANTIAGO,69, ,COMISARIA
70,50a. Comisaria San Joaquin, ,PREFECTURA CORDILLERA,SAN JOAQUIN,CARABINEROS,SANTIAGO,70, ,COMISARIA
71,Reten Batuco, ,PREFECTURA SANTIAGO NORTE,LAMPA,CARABINEROS,BATUCO,71, ,RETEN
72,8a. Comisaria Colina., ,PREFECTURA SANTIAGO NORTE,COLINA,CARABINEROS,COLINA,72, ,COMISARIA
73,Tenencia Til Til, ,PREFECTURA SANTIAGO NORTE,TILTIL,CARABINEROS,TILTIL,73, ,TENENCIA
74,Subcomisaria Maipo, ,PREFECTURA SANTIAGO SUR,SAN JOSE DE MAIPO,CARABINEROS,SAN JOSE DE MAIPO,74, ,SUBCOMISARIA
75,Tenencia Lampa, ,PREFECTURA SANTIAGO NORTE,LAMPA,CARABINEROS,LAMPA,75, ,TENENCIA
76,Tenencia Huertos Familiares, ,PREFECTURA SANTIAGO NORTE,TILTIL,CARABINEROS,HUERTOS FAMILIARES,76, ,TENENCIA
77,27a. Comisaria Aeropuerto Internaci, ,PREFECTURA SANTIAGO OCCIDENTE,PUDAHUEL,CARABINEROS,SANTIAGO,77, ,COMISARIA
78,Subcomisaria Lo Lillo, ,PREFECTURA SANTIAGO SUR,EL BOSQUE,CARABINEROS,SANTIAGO,78, ,SUBCOMISARIA
79,Reten Rungue, ,PREFECTURA SANTIAGO NORTE,TILTIL,CARABINEROS,RUNGUE,79, ,RETEN
80,Reten Caleu, ,PREFECTURA SANTIAGO NORTE,TILTIL,CARABINEROS, ,80, ,RETEN
81,3a. Comisaria Santiago., ,PREFECTURA SANTIAGO CENTRAL,LA CISTERNA,CARABINEROS,SANTIAGO,81, ,COMISARIA
82,36a Comisaria La Florida, ,PREFECTURA CORDILLERA,LA FLORIDA,CARABINEROS,SANTIAGO,82, ,COMISARIA
83,BRIGADA DE HOMICIDIOS METROPOLITANA,PROVIDENCIA, ,PROVIDENCIA,INVESTIGACIONES,SANTIAGO,83, , 
84,BRIGADA DE INVESTIGACION CRIMINAL NUNOA,NUNOA, ,NUNOA,INVESTIGACIONES,SANTIAGO,84, , 
85,BRIGADA DE INVESTIGACION CRIMINAL LA REINA,LA REINA, ,LA REINA,INVESTIGACIONES,SANTIAGO,85, , 
86,BRIGADA DE INVESTIGACION CRIMINAL LAS CONDES,LAS CONDES, ,LAS CONDES,INVESTIGACIONES,SANTIAGO,86, , 
87,BRIGADA DE INVESTIGACION CRIMINAL LAS CONDES,LO BARNECHEA, ,LAS CONDES,INVESTIGACIONES,SANTIAGO,87, , 
88,BRIGADA DE INVESTIGACION CRIMINAL LAS CONDES,VITACURA, ,LAS CONDES,INVESTIGACIONES,SANTIAGO,88, , 
89,BRIGADA DE INVESTIGACION CRIMINAL RENCA,HUECHURABA, ,RENCA,INVESTIGACIONES,SANTIAGO,89, , 
90,BRIGADA DE INVESTIGACION CRIMINAL CONCHALI,INDEPENDENCIA, ,CONCHALI,INVESTIGACIONES,SANTIAGO,90, , 
91,BRIGADA DE INVESTIGACION CRIMINAL CONCHALI,RECOLETA, ,CONCHALI,INVESTIGACIONES,SANTIAGO,91, , 
92,BRIGADA DE INVESTIGACION CRIMINAL RENCA,QUILICURA, ,RENCA,INVESTIGACIONES,SANTIAGO,92, , 
93,BRIGADA DE INVESTIGACION CRIMINAL RENCA,RENCA, ,RENCA,INVESTIGACIONES,SANTIAGO,93, , 
94,BRIGADA DE INVESTIGACION CRIMINAL QUINTA NORMAL,CERRO NAVIA, ,QUINTA NORMAL,INVESTIGACIONES,SANTIAGO,94, , 
95,BRIGADA DE INVESTIGACION CRIMINAL QUINTA NORMAL,PUDAHUEL, ,QUINTA NORMAL,INVESTIGACIONES,SANTIAGO,95, , 
96,BRIGADA DE INVESTIGACION CRIMINAL QUINTA NORMAL,LO PRADO, ,QUINTA NORMAL,INVESTIGACIONES,SANTIAGO,96, , 
97,BRIGADA DE INVESTIGACION CRIMINAL MAIPU,ESTACION CENTRAL, ,MAIPU,INVESTIGACIONES,SANTIAGO,97, , 
98,BRIGADA DE INVESTIGACION CRIMINAL JOSE MARIA CARO,PEDRO AGUIRRE CERDA, ,LO ESPEJO,INVESTIGACIONES,SANTIAGO,98, , 
99,BRIGADA DE INVESTIGACION CRIMINAL NUNOA,MACUL, ,NUNOA,INVESTIGACIONES,SANTIAGO,99, , 
100,BRIGADA DE INVESTIGACION CRIMINAL PENALOLEN,PENALOLEN, ,PENALOLEN,INVESTIGACIONES,SANTIAGO,100, , 
101,BRIGADA DE INVESTIGACION CRIMINAL MAIPU,CERRILLOS, ,MAIPU,INVESTIGACIONES,SANTIAGO,101, , 
102,BRIGADA DE INVESTIGACION CRIMINAL JOSE MARIA CARO,LO ESPEJO, ,LO ESPEJO,INVESTIGACIONES,SANTIAGO,102, , 
103,BRIGADA DE INVESTIGACION CRIMINAL MAIPU,MAIPU, ,MAIPU,INVESTIGACIONES,SANTIAGO,103, , 
104,BRIGADA DE INVESTIGACION CRIMINAL SAN RAMON,SAN RAMON, ,SAN RAMON,INVESTIGACIONES,SANTIAGO,104, , 
105,BRIGADA DE INVESTIGACION CRIMINAL LA FLORIDA,LA FLORIDA, ,LA FLORIDA,INVESTIGACIONES,SANTIAGO,105, , 
106,BRIGADA DE INVESTIGACION CRIMINAL PUENTE ALTO,PUENTE ALTO, ,PUENTE ALTO,INVESTIGACIONES,SANTIAGO,106, , 
107,BRIGADA DE INVESTIGACION CRIMINAL SAN BERNARDO,SAN BERNARDO, ,SAN BERNARDO,INVESTIGACIONES,SANTIAGO,107, , 
108,BRIGADA DE INVESTIGACION CRIMINAL SAN BERNARDO,CALERA DE TANGO, ,SAN BERNARDO,INVESTIGACIONES,SANTIAGO,108, , 
109,BRIGADA DE INVESTIGACION CRIMINAL PUENTE ALTO,PIRQUE, ,PUENTE ALTO,INVESTIGACIONES,SANTIAGO,109, , 
110,BRIGADA DE INVESTIGACION CRIMINAL PUENTE ALTO,SAN JOSE DE MAIPO, ,PUENTE ALTO,INVESTIGACIONES,SANTIAGO,110, , 
111,CUERPO DE BOMBEROS DE SANTIAGO,"AGUA, HAZMAT",16,ESTACION CENTRAL,BOMBEROS,SANTIAGO,111, , 
112,CUERPO DE BOMBEROS DE SANTIAGO,AGUA,22,INDEPENDENCIA,BOMBEROS,SANTIAGO,112, , 
113,CUERPO DE BOMBEROS DE SANTIAGO,"ESCALAS, RESCATE",8,RECOLETA,BOMBEROS,SANTIAGO,113, , 
114,CUERPO DE BOMBEROS DE SANTIAGO,AGUA,13,PROVIDENCIA,BOMBEROS,SANTIAGO,114, , 
115,CUERPO DE BOMBEROS DE SANTIAGO,"AGUA, RESCATE",14,PROVIDENCIA,BOMBEROS,SANTIAGO,115, , 
116,CUERPO DE BOMBEROS DE SANTIAGO,"AGUA, RESCATE, ESCALAS",15,LAS CONDES,BOMBEROS,SANTIAGO,116, , 
117,CUERPO DE BOMBEROS DE SANTIAGO,AGUA,20,LAS CONDES,BOMBEROS,SANTIAGO,117, , 
118,CUERPO DE BOMBEROS DE SANTIAGO,AGUA,18,VITACURA,BOMBEROS,SANTIAGO,118, , 
119,CUERPO DE BOMBEROS DE SANTIAGO,AGUA,19,LO BARNECHEA,BOMBEROS,SANTIAGO,119, , 
120,CUERPO DE BOMBEROS DE NUNOA,"ESCALAS, RESCATE, SALVAMENTO",2,NUNOA,BOMBEROS,SANTIAGO,120, , 
121,CUERPO DE BOMBEROS DE NUNOA,"AGUA, RESCATE VEHICULAR",3,NUNOA,BOMBEROS,SANTIAGO,121, , 
122,CUERPO DE BOMBEROS DE NUNOA,"AGUA, MATERIAS PELIGROSAS",4,NUNOA,BOMBEROS,SANTIAGO,122, , 
123,CUERPO DE BOMBEROS DE NUNOA,"AGUA, RESCATE VEHICULAR",5,NUNOA,BOMBEROS,SANTIAGO,123, , 
124,CUERPO DE BOMBEROS DE NUNOA,"ESCALAS, RESCATE, SALVAMENTO, AGUA",6,LA REINA,BOMBEROS,SANTIAGO,124, , 
125,CUERPO DE BOMBEROS DE NUNOA,"AGUA, RESCATE VEHICULAR",7,MACUL,BOMBEROS,SANTIAGO,125, , 
126,CUERPO DE BOMBEROS DE NUNOA,"AGUA, RESCATE VEHICULAR",9,LA FLORIDA,BOMBEROS,SANTIAGO,126, , 
127,CUERPO DE BOMBEROS DE NUNOA,AGUA,10,LA FLORIDA,BOMBEROS,SANTIAGO,127, , 
128,CUERPO DE BOMBEROS DE NUNOA,AGUA,11,LA FLORIDA,BOMBEROS,SANTIAGO,128, , 
129,CUERPO DE BOMBEROS DE PUENTE ALTO, ,1,PUENTE ALTO,BOMBEROS,SANTIAGO,129, , 
130,CUERPO DE BOMBEROS DE PUENTE ALTO, ,2,PUENTE ALTO,BOMBEROS,SANTIAGO,130, , 
131,"CUERPO DE BOMBEROS DE SAN MIGUEL, SAN JOAQUIN Y PAC","AGUA, ESCALAS, RESCATE",1,SAN MIGUEL,BOMBEROS,SANTIAGO,131, , 
132,"CUERPO DE BOMBEROS DE SAN MIGUEL, SAN JOAQUIN Y PAC","AGUA, ESCALAS",2,SAN JOAQUIN,BOMBEROS,SANTIAGO,132, , 
133,"CUERPO DE BOMBEROS DE SAN MIGUEL, SAN JOAQUIN Y PAC","AGUA, ESCALAS",5,SAN JOAQUIN,BOMBEROS,SANTIAGO,133, , 
134,"CUERPO DE BOMBEROS DE LA GRANJA, SAN RAMON Y LA PINTANA", ,1,LA GRANJA,BOMBEROS,SANTIAGO,134, , 
135,"CUERPO DE BOMBEROS DE LA GRANJA, SAN RAMON Y LA PINTANA", ,3,LA PINTANA,BOMBEROS,SANTIAGO,135, , 
136,"CUERPO DE BOMBEROS DE LA GRANJA, SAN RAMON Y LA PINTANA", ,4,SAN RAMON,BOMBEROS,SANTIAGO,136, , 
137,CUERPO DE BOMBEROS DE MAIPU,"AGUA, RESCATE",1,MAIPU,BOMBEROS,SANTIAGO,137, , 
138,CUERPO DE BOMBEROS DE MAIPU,"AGUA , ESCALAS",4,MAIPU,BOMBEROS,SANTIAGO,138, , 
139,CUERPO DE BOMBEROS DE MAIPU,AGUA E ILUMINACION,6,MAIPU,BOMBEROS,SANTIAGO,139, , 
140,CUERPO DE BOMBEROS DE CONCHALI,RESCATE VEHICULAR,1,CONCHALI,BOMBEROS,SANTIAGO,140, , 
141,CUERPO DE BOMBEROS DE CONCHALI,INCENDIOS ESTRUCTURALES,2,RECOLETA,BOMBEROS,SANTIAGO,141, , 
142,CUERPO DE BOMBEROS DE CONCHALI,INCENDIOS ESTRUCTURALES,3,RECOLETA,BOMBEROS,SANTIAGO,142, , 
143,CUERPO DE BOMBEROS DE CONCHALI,"MATERIALES PELIGROSOS, RESCATE VEHICULAR",6,HUECHURABA,BOMBEROS,SANTIAGO,143, , 
144,CUERPO DE BOMBEROS DE CONCHALI,METRIALES PELIGROSOS,7,CONCHALI,BOMBEROS,SANTIAGO,144, , 
145,CUERPO DE BOMBEROS DE SAN BERNARDO, ,1,SAN BERNARDO,BOMBEROS,SANTIAGO,145, , 
146,CUERPO DE BOMBEROS DE SAN BERNARDO, ,2,SAN BERNARDO,BOMBEROS,SANTIAGO,146, , 
147,CUERPO DE BOMBEROS DE SAN BERNARDO, ,3,SAN BERNARDO,BOMBEROS,SANTIAGO,147, , 
148,CUERPO DE BOMBEROS DE SAN BERNARDO, ,4,EL BOSQUE,BOMBEROS,SANTIAGO,148, , 
149,CUERPO DE BOMBEROS DE SAN BERNARDO, ,6,SAN BERNARDO,BOMBEROS,SANTIAGO,149, , 
150,BRIGADA DE INVESTIGACION CRIMINAL CONCHALI,CONCHALI, ,CONCHALI,INVESTIGACIONES,SANTIAGO,150, , 
151,CUERPO DE BOMBEROS DE CONCHALI,"MATERIALES PELIGROSOS, RESCATE VEHICULAR",5,HUECHURABA,BOMBEROS,SANTIAGO,151, , 
152,CUERPO DE BOMBEROS DE CONCHALI,"RESCATE EN ALTURA, ESPACIOS CONFINADOS Y CUERDAS",4,CONCHALI,BOMBEROS,SANTIAGO,152, , 
153,CUERPO DE BOMBEROS DE SANTIAGO,"AGUA, HAZMAT",17,ESTACION CENTRAL,BOMBEROS,SANTIAGO,153, , 
154,BRIGADA DE INVESTIGACION CRIMINAL DE SANTIAGO SUR,SANTIAGO, ,INDEPENDENCIA,INVESTIGACIONES,SANTIAGO,154, , 
155,BRIGADA DE INVESTIGACION CRIMINAL DE SANTIAGO,SANTIAGO, ,INDEPENDENCIA,INVESTIGACIONES,SANTIAGO,155, , 
156,BRIGADA DE INVESTIGACION DE DELITOS ECONOMICOS METROPOLITANA,SANTIAGO, ,INDEPENDENCIA,INVESTIGACIONES,SANTIAGO,156, , 
157,BRIGADA DE DELITOS SEXUALES Y MENORES,SANTIAGO, ,INDEPENDENCIA,INVESTIGACIONES,SANTIAGO,157, , 
158,BRIGADA DE INVESTIGACION CRIMINAL LA CISTERNA,LAS CISTERNA, ,LA CISTERNA,INVESTIGACIONES,SANTIAGO,158, , 
159,BRIGADA DE INVESTIGACION CRIMINAL LA CISTERNA,EL BOSQUE, ,LA CISTERNA,INVESTIGACIONES,SANTIAGO,159, , 
160,BRIGADA DE INVESTIGACION CRIMINAL LA PINTANA,LA PINTANA, ,LA PINTANA,INVESTIGACIONES,SANTIAGO,160, , 
161,CUERPO DE BOMBEROS DE MAIPU,AGUA Y RESCATE,5,MAIPU,BOMBEROS,SANTIAGO,161, , 
162,CUERPO DE BOMBEROS DE MAIPU,AGUA,7,MAIPU,BOMBEROS,SANTIAGO,162, , 
163,CUERPO DE BOMBEROS DE MAIPU,AGUA,8,MAIPU,BOMBEROS,SANTIAGO,163, , 
164,CUERPO DE BOMBEROS DE MELIPILLA, ,2,MELIPILLA,BOMBEROS,POMAIRE,164, , 
165,CUERPO DE BOMBEROS DE MELIPILLA, ,4,MELIPILLA,BOMBEROS,MELIPILLA,165, , 
166,BRIGADA DE INVESTIGACION CRIMINAL MELIPILLA,MARIA PINTO, ,MELIPILLA,INVESTIGACIONES,MELIPILLA,166, , 
167,BRIGADA DE INVESTIGACION CRIMINAL MELIPILLA,ALHUE, ,MELIPILLA,INVESTIGACIONES,MELIPILLA,167, , 
168,BRIGADA DE INVESTIGACION CRIMINAL MELIPILLA,SAN PEDRO, ,MELIPILLA,INVESTIGACIONES,MELIPILLA,168, , 
169,BRIGADA DE INVESTIGACION CRIMINAL MELIPILLA,MELIPILLA, ,MELIPILLA,INVESTIGACIONES,MELIPILLA,169, , 
170,CUERPO DE BOMBEROS DE MELIPILLA, ,1,MELIPILLA,BOMBEROS,POMAIRE,170, , 
171,CUERPO DE BOMBEROS DE NUNOA,AGUA,1,NUNOA,BOMBEROS,SANTIAGO,171, , 
172,"CUERPO DE BOMBEROS DE SAN MIGUEL, SAN JOAQUIN Y PAC","AGUA, ESCLAS, RESCATE",3,PAC,BOMBEROS,SANTIAGO,172, , 
173,CUERPO DE BOMBEROS DE NUNOA,AGUA,8,PENALOLEN,BOMBEROS,SANTIAGO,173, , 
174,CUERPO DE BOMBEROS DE PUENTE ALTO, ,4,PUENTE ALTO,BOMBEROS,SANTIAGO,174, , 
175,CUERPO DE BOMBEROS DE PUENTE ALTO, ,3,PUENTE ALTO,BOMBEROS,SANTIAGO,175, , 
176,CUERPO DE BOMBEROS DE SANTIAGO,AGUA,2,RECOLETA,BOMBEROS,SANTIAGO,176, , 
177,CUERPO DE BOMBEROS DE SANTIAGO,AGUA,21,RENCA,BOMBEROS,SANTIAGO,177, , 
178,CUERPO DE BOMBEROS DE SAN BERNARDO, ,5,SAN BERNARDO,BOMBEROS,SANTIAGO,178, , 
179,BRIGADA DE INVEESTIGACION CRIMINAL SAN MIGUEL,LA GRANJA, ,SAN MIGUEL,INVESTIGACIONES,SANTIAGO,179, , 
180,BRIGADA DE INVESTIGACION CRIMINAL SAN MIGUEL,SAN MIGUEL, ,SAN MIGUEL,INVESTIGACIONES,SANTIAGO,180, , 
181,BRIGADA DE CITACIONES METROPOLITANA,SANTIAGO, ,SAN MIGUEL,INVESTIGACIONES,SANTIAGO,181, , 
182,BRIGADA DE INVESTIGACION CRIMINAL SAN MIGUEL,SAN JOAQUIN, ,SAN MIGUEL,INVESTIGACIONES,SANTIAGO,182, , 
183,CUERPO DE BOMBEROS DE MAIPU,AGUA Y RESCATE,3,MAIPU,BOMBEROS,SANTIAGO,183, , 
184,"CUERPO DE BOMBEROS DE LA CISTERNA, LO ESPEJO Y EL BOSQUE", ,3,LA CISTERNA,BOMBEROS,SANTIAGO,184, , 
185,BRIGADA DE INVESTIGACION CRIMINAL BUIN,BUIN, ,BUIN,INVESTIGACIONES,BUIN,185, , 
186,BRIGADA DE INVESTIGACION CRIMINAL COLINA,COLINA, ,COLINA,INVESTIGACIONES,COLINA,186, , 
187,CUERPO DE BOMBEROS DE PENAFLOR, ,2,PENAFLOR,BOMBEROS,PENAFLOR,187, , 
188,CUERPO DE BOMBEROS DE PENAFLOR, ,3,PENAFLOR,BOMBEROS,PENAFLOR,188, , 
189,CUERPO DE BOMBEROS DE PENAFLOR, ,1,PENAFLOR,BOMBEROS,PENAFLOR,189, , 
190,BRIGADA DE INVESTIGACION CRIMINAL,PADRE HURTADO, ,PENAFLOR,INVESTIGACIONES,PENAFLOR,190, , 
191,BRIGADA DE INVESTIGACION CRIMINAL,PENAFLOR, ,PENAFLOR,INVESTIGACIONES,PENAFLOR,191, , 
192,CUERPO DE BOMBEROS DE PENAFLOR, ,4,PADRE HURTADO,BOMBEROS,PADRE HURTADO,192, , 
193,CUERPO DE BOMBEROS DE PENAFLOR, ,5,PADRE HURTADO,BOMBEROS,PADRE HURTADO,193, , 
194,BRIGADA DE INVESTIGACION CRIMINAL TALAGANTE,EL MONTE, ,TALAGANTE,INVESTIGACIONES,TALAGANTE,194, , 
195,BRIGADA DE INVESTIGACION CRIMINAL TALAGANTE,TALAGANTE, ,TALAGANTE,INVESTIGACIONES,TALAGANTE,195, , 
196,BRIGADA DE INVESTIGACION CRIMINAL TALAGANTE,ISLA DE MAIPO, ,TALAGANTE,INVESTIGACIONES,TALAGANTE,196, , 
197,CUERPO DE BOMBEROS DE MAIPU,AGUA Y MATERIALES PELIGROSOS,2,CERRILLOS,BOMBEROS,SANTIAGO,197, , 
198,"CUERPO DE BOMBEROS DE SAN MIGUEL, SAN JOAQUIN Y PAC","AGUA, ESCALAS",4,PAC,BOMBEROS,SANTIAGO,198, , 
199,"CUERPO DE BOMBEROS DE LA CISTERNA, LO ESPEJO Y EL BOSQUE", , ,LA CISTERNA,BOMBEROS,SANTIAGO,199, , 
200,"CUERPO DE BOMBEROS DE LA CISTERNA, LO ESPEJO Y EL BOSQUE", , ,LO ESPEJO,BOMBEROS,SANTIAGO,200, , 
201,"CUERPO DE BOMBEROS DE LA CISTERNA, LO ESPEJO Y EL BOSQUE", , ,LO ESPEJO,BOMBEROS,SANTIAGO,201, , 
202,"CUERPO DE BOMBEROS DE LA CISTERNA, LO ESPEJO Y EL BOSQUE", , ,LO ESPEJO,BOMBEROS,SANTIAGO,202, , 
203,"CUERPO DE BOMBEROS DE LA CISTERNA, LO ESPEJO Y EL BOSQUE", , ,EL BOSQUE,BOMBEROS,SANTIAGO,203, , 
204,"CUERPO DE BOMBEROS DE LA GRANJA, SAN RAMON Y LA PINTANA", , ,SAN RAMON,BOMBEROS,SANTIAGO,204, , 
205,"CUERPO DE BOMBEROS DE LA GRANJA, SAN RAMON Y LA PINTANA", , ,LA PINTANA,BOMBEROS,SANTIAGO,205, , 
206,CUERPO DE BOMBEROS DE PAINE, ,1,PAINE,BOMBEROS,PAINE,206, , 
207,CUERPO DE BOMBEROS DE PAINE, ,2,PAINE,BOMBEROS,PAINE,207, , 
208,CUERPO DE BOMBEROS DE PAINE, ,3,PAINE,BOMBEROS,PAINE,208, , 
209,CUERPO DE BOMBEROS DE PAINE, ,4,PAINE,BOMBEROS,PAINE,209, , 
210,CUERPO DE BOMBEROS DE BUIN, ,1,BUIN,BOMBEROS,BUIN,210, , 
211,CUERPO DE BOMBEROS DE BUIN, ,4,BUIN,BOMBEROS,BUIN,211, , 
212,CUERPO DE BOMBEROS DE HOSPITAL, ,1,PAINE,BOMBEROS,HOSPITAL,212, , 
213,CUERPO DE BOMBEROS DE LAMPA, ,1,LAMPA,BOMBEROS,LAMPA,213, , 
214,CUERPO DE BOMBEROS DE SAN JOSE DE MAIPO, ,1,SAN JOSE DE MAIPO,BOMBEROS,SAN JOSE DE MAIPO,214, , 
215,CUERPO DE BOMBEROS DE TALAGANTE, ,1,TALAGANTE,BOMBEROS,TALAGANTE,215, , 
216,CUERPO DE BOMBEROS DE TALAGANTE, ,2,TALAGANTE,BOMBEROS,TALAGANTE,216, , 
217,CUERPO DE BOMBEROS DE VALDIVIA DE PAINE, ,1,BUIN,BOMBEROS,VALDIVIA DE PAINE,217, , 
218,CUERPO DE BOMBEROS DE ISLA DE MAIPO, , ,ISLA DE MAIPO,BOMBEROS, ,218, , 
